emoji,description,positive
ğŸ˜€, Grinning Face,1
ğŸ˜, Beaming Face With Smiling Eyes,1
ğŸ˜‚, Face With Tears of Joy,1
ğŸ¤£, Rolling on the Floor Laughing,1
ğŸ˜ƒ, Grinning Face With Big Eyes,1
ğŸ˜„, Grinning Face With Smiling Eyes,1
ğŸ˜…, Grinning Face With Sweat,1
ğŸ˜†, Grinning Squinting Face,1
ğŸ˜‰, Winking Face,1
ğŸ˜Š, Smiling Face With Smiling Eyes,1
ğŸ˜‹, Face Savoring Food,1
ğŸ˜, Smiling Face With Sunglasses,1
ğŸ˜, Smiling Face With Heart-Eyes,1
ğŸ˜˜, Face Blowing a Kiss,1
ğŸ˜—, Kissing Face,1
ğŸ˜™, Kissing Face With Smiling Eyes,1
ğŸ˜š, Kissing Face With Closed Eyes,1
â˜º, Smiling Face,1
ğŸ™‚, Slightly Smiling Face,1
ğŸ¤—, Hugging Face,1
ğŸ¤©, Star-Struck,1
ğŸ¤”, Thinking Face,0
ğŸ¤¨, Face With Raised Eyebrow,0
ğŸ˜, Neutral Face,0
ğŸ˜‘, Expressionless Face,0
ğŸ˜¶, Face Without Mouth,0
ğŸ™„, Face With Rolling Eyes,0
ğŸ˜, Smirking Face,0
ğŸ˜£, Persevering Face,0
ğŸ˜¥, Sad but Relieved Face,0
ğŸ˜®, Face With Open Mouth,0
ğŸ¤, Zipper-Mouth Face,0
ğŸ˜¯, Hushed Face,0
ğŸ˜ª, Sleepy Face,0
ğŸ˜«, Tired Face,0
ğŸ˜´, Sleeping Face,0
ğŸ˜Œ, Relieved Face,1
ğŸ˜›, Face With Tongue,1
ğŸ˜œ, Winking Face With Tongue,1
ğŸ˜, Squinting Face With Tongue,1
ğŸ¤¤, Drooling Face,1
ğŸ˜’, Unamused Face,0
ğŸ˜“, Downcast Face With Sweat,0
ğŸ˜”, Pensive Face,0
ğŸ˜•, Confused Face,0
ğŸ™ƒ, Upside-Down Face,1
ğŸ¤‘, Money-Mouth Face,0
ğŸ˜², Astonished Face,0
â˜¹, Frowning Face,0
ğŸ™, Slightly Frowning Face,0
ğŸ˜–, Confounded Face,0
ğŸ˜, Disappointed Face,0
ğŸ˜Ÿ, Worried Face,0
ğŸ˜¤, Face With Steam From Nose,0
ğŸ˜¢, Crying Face,0
ğŸ˜­, Loudly Crying Face,0
ğŸ˜¦, Frowning Face With Open Mouth,0
ğŸ˜§, Anguished Face,0
ğŸ˜¨, Fearful Face,0
ğŸ˜©, Weary Face,0
ğŸ¤¯, Exploding Head,0
ğŸ˜¬, Grimacing Face,0
ğŸ˜°, Anxious Face With Sweat,0
ğŸ˜±, Face Screaming in Fear,0
ğŸ˜³, Flushed Face,0
ğŸ¤ª, Zany Face,1
ğŸ˜µ, Dizzy Face,1
ğŸ˜¡, Pouting Face,1
ğŸ˜ , Angry Face,0
ğŸ¤¬, Face With Symbols on Mouth,1
ğŸ˜·, Face With Medical Mask,1
ğŸ¤’, Face With Thermometer,1
ğŸ¤•, Face With Head-Bandage,1
ğŸ¤¢, Nauseated Face,1
ğŸ¤®, Face Vomiting,1
ğŸ¤§, Sneezing Face,1
ğŸ˜‡, Smiling Face With Halo,1
ğŸ¤ , Cowboy Hat Face,1
ğŸ¤¡, Clown Face,1
ğŸ¤¥, Lying Face,1
ğŸ¤«, Shushing Face,0
ğŸ¤­, Face With Hand Over Mouth,1
ğŸ§, Face With Monocle,0
ğŸ¤“, Nerd Face,1
ğŸ˜ˆ, Smiling Face With Horns,0
ğŸ‘¿, Angry Face With Horns,0
ğŸ‘¹, Ogre,0
ğŸ‘º, Goblin,0
ğŸ’€, Skull,0
ğŸ‘», Ghost,0
ğŸ‘½, Alien,0
ğŸ¤–, Robot Face,0
ğŸ’©, Pile of Poo,0
ğŸ˜º, Grinning Cat Face,1
ğŸ˜¸, Grinning Cat Face With Smiling Eyes,1
ğŸ˜¹, Cat Face With Tears of Joy,1
ğŸ˜», Smiling Cat Face With Heart-Eyes,1
ğŸ˜¼, Cat Face With Wry Smile,1
ğŸ˜½, Kissing Cat Face,1
ğŸ™€, Weary Cat Face,1
ğŸ˜¿, Crying Cat Face,1
ğŸ˜¾, Pouting Cat Face,1
ğŸ‘¶, Baby,1
ğŸ‘¦, Boy,1
ğŸ‘§, Girl,1
ğŸ‘¨, Man,1
ğŸ‘©, Woman,1
ğŸ‘´, Old Man,1
ğŸ‘µ, Old Woman,1
ğŸ‘¨â€âš•ï¸, Man Health Worker,1
ğŸ‘©â€âš•ï¸, Woman Health Worker,1
ğŸ‘¨â€ğŸ“, Man Student,1
ğŸ‘©â€ğŸ“, Woman Student,1
ğŸ‘¨â€âš–ï¸, Man Judge,1
ğŸ‘©â€âš–ï¸, Woman Judge,1
ğŸ‘¨â€ğŸŒ¾, Man Farmer,1
ğŸ‘©â€ğŸŒ¾, Woman Farmer,1
ğŸ‘¨â€ğŸ³, Man Cook,1
ğŸ‘©â€ğŸ³, Woman Cook,1
ğŸ‘¨â€ğŸ”§, Man Mechanic,1
ğŸ‘©â€ğŸ”§, Woman Mechanic,1
ğŸ‘¨â€ğŸ­, Man Factory Worker,1
ğŸ‘©â€ğŸ­, Woman Factory Worker,1
ğŸ‘¨â€ğŸ’¼, Man Office Worker,1
ğŸ‘©â€ğŸ’¼, Woman Office Worker,1
ğŸ‘¨â€ğŸ”¬, Man Scientist,1
ğŸ‘©â€ğŸ”¬, Woman Scientist,1
ğŸ‘¨â€ğŸ’», Man Technologist,1
ğŸ‘©â€ğŸ’», Woman Technologist,1
ğŸ‘¨â€ğŸ¤, Man Singer,1
ğŸ‘©â€ğŸ¤, Woman Singer,1
ğŸ‘¨â€ğŸ¨, Man Artist,1
ğŸ‘©â€ğŸ¨, Woman Artist,1
ğŸ‘¨â€âœˆï¸, Man Pilot,1
ğŸ‘©â€âœˆï¸, Woman Pilot,1
ğŸ‘¨â€ğŸš€, Man Astronaut,1
ğŸ‘©â€ğŸš€, Woman Astronaut,1
ğŸ‘¨â€ğŸš’, Man Firefighter,1
ğŸ‘©â€ğŸš’, Woman Firefighter,1
ğŸ‘®, Police Officer,1
ğŸ‘®â€â™‚ï¸, Man Police Officer,1
ğŸ‘®â€â™€ï¸, Woman Police Officer,1
ğŸ•µ, Detective,1
ğŸ•µï¸â€â™‚ï¸, Man Detective,1
ğŸ•µï¸â€â™€ï¸, Woman Detective,1
ğŸ’‚, Guard,1
ğŸ’‚â€â™‚ï¸, Man Guard,1
ğŸ’‚â€â™€ï¸, Woman Guard,1
ğŸ‘·, Construction Worker,1
ğŸ‘·â€â™‚ï¸, Man Construction Worker,1
ğŸ‘·â€â™€ï¸, Woman Construction Worker,1
ğŸ¤´, Prince,1
ğŸ‘¸, Princess,1
ğŸ‘³, Person Wearing Turban,1
ğŸ‘³â€â™‚ï¸, Man Wearing Turban,1
ğŸ‘³â€â™€ï¸, Woman Wearing Turban,1
ğŸ‘², Man With Chinese Cap,1
ğŸ§•, Woman With Headscarf,1
ğŸ§”, Bearded Person,1
ğŸ‘±, Blond-Haired Person,1
ğŸ‘±â€â™‚ï¸, Blond-Haired Man,1
ğŸ‘±â€â™€ï¸, Blond-Haired Woman,1
ğŸ¤µ, Man in Tuxedo,1
ğŸ‘°, Bride With Veil,1
ğŸ¤°, Pregnant Woman,1
ğŸ¤±, Breast-Feeding,1
ğŸ‘¼, Baby Angel,1
ğŸ…, Santa Claus,1
ğŸ¤¶, Mrs. Claus,1
ğŸ§™â€â™€ï¸, Woman Mage,1
ğŸ§™â€â™‚ï¸, Man Mage,1
ğŸ§šâ€â™€ï¸, Woman Fairy,1
ğŸ§šâ€â™‚ï¸, Man Fairy,1
ğŸ§›â€â™€ï¸, Woman Vampire,1
ğŸ§›â€â™‚ï¸, Man Vampire,1
ğŸ§œâ€â™€ï¸, Mermaid,1
ğŸ§œâ€â™‚ï¸, Merman,1
ğŸ§â€â™€ï¸, Woman Elf,1
ğŸ§â€â™‚ï¸, Man Elf,1
ğŸ§â€â™€ï¸, Woman Genie,1
ğŸ§â€â™‚ï¸, Man Genie,1
ğŸ§Ÿâ€â™€ï¸, Woman Zombie,1
ğŸ§Ÿâ€â™‚ï¸, Man Zombie,1
ğŸ™, Person Frowning,1
ğŸ™â€â™‚ï¸, Man Frowning,1
ğŸ™â€â™€ï¸, Woman Frowning,1
ğŸ™, Person Pouting,1
ğŸ™â€â™‚ï¸, Man Pouting,1
ğŸ™â€â™€ï¸, Woman Pouting,1
ğŸ™…, Person Gesturing No,1
ğŸ™…â€â™‚ï¸, Man Gesturing No,1
ğŸ™…â€â™€ï¸, Woman Gesturing No,1
ğŸ™†, Person Gesturing OK,1
ğŸ™†â€â™‚ï¸, Man Gesturing OK,1
ğŸ™†â€â™€ï¸, Woman Gesturing OK,1
ğŸ’, Person Tipping Hand,1
ğŸ’â€â™‚ï¸, Man Tipping Hand,1
ğŸ’â€â™€ï¸, Woman Tipping Hand,1
ğŸ™‹, Person Raising Hand,1
ğŸ™‹â€â™‚ï¸, Man Raising Hand,1
ğŸ™‹â€â™€ï¸, Woman Raising Hand,1
ğŸ™‡, Person Bowing,1
ğŸ™‡â€â™‚ï¸, Man Bowing,1
ğŸ™‡â€â™€ï¸, Woman Bowing,1
ğŸ¤¦, Person Facepalming,1
ğŸ¤¦â€â™‚ï¸, Man Facepalming,1
ğŸ¤¦â€â™€ï¸, Woman Facepalming,1
ğŸ¤·, Person Shrugging,1
ğŸ¤·â€â™‚ï¸, Man Shrugging,1
ğŸ¤·â€â™€ï¸, Woman Shrugging,1
ğŸ’†, Person Getting Massage,1
ğŸ’†â€â™‚ï¸, Man Getting Massage,1
ğŸ’†â€â™€ï¸, Woman Getting Massage,1
ğŸ’‡, Person Getting Haircut,1
ğŸ’‡â€â™‚ï¸, Man Getting Haircut,1
ğŸ’‡â€â™€ï¸, Woman Getting Haircut,1
ğŸš¶, Person Walking,1
ğŸš¶â€â™‚ï¸, Man Walking,1
ğŸš¶â€â™€ï¸, Woman Walking,1
ğŸƒ, Person Running,1
ğŸƒâ€â™‚ï¸, Man Running,1
ğŸƒâ€â™€ï¸, Woman Running,1
ğŸ’ƒ, Woman Dancing,1
ğŸ•º, Man Dancing,1
ğŸ‘¯, People With Bunny Ears,1
ğŸ‘¯â€â™‚ï¸, Men With Bunny Ears,1
ğŸ‘¯â€â™€ï¸, Women With Bunny Ears,1
ğŸ§–â€â™€ï¸, Woman in Steamy Room,1
ğŸ§–â€â™‚ï¸, Man in Steamy Room,1
ğŸ•´, Man in Suit Levitating,1
ğŸ—£, Speaking Head,1
ğŸ‘¤, Bust in Silhouette,1
ğŸ‘¥, Busts in Silhouette,1
ğŸ‘«, Man and Woman Holding Hands,1
ğŸ‘¬, Two Men Holding Hands,1
ğŸ‘­, Two Women Holding Hands,1
ğŸ’, Kiss,1
ğŸ‘¨â€â¤ï¸â€ğŸ’‹â€ğŸ‘¨, Kiss: Man,1
ğŸ‘©â€â¤ï¸â€ğŸ’‹â€ğŸ‘©, Kiss: Woman,1
ğŸ’‘, Couple With Heart,1
ğŸ‘¨â€â¤ï¸â€ğŸ‘¨, Couple With Heart: Man,1
ğŸ‘©â€â¤ï¸â€ğŸ‘©, Couple With Heart: Woman,1
ğŸ‘ª, Family,1
ğŸ‘¨â€ğŸ‘©â€ğŸ‘¦, Family: Man,1
ğŸ‘¨â€ğŸ‘©â€ğŸ‘§, Family: Man,1
ğŸ‘¨â€ğŸ‘©â€ğŸ‘§â€ğŸ‘¦, Family: Man,1
ğŸ‘¨â€ğŸ‘©â€ğŸ‘¦â€ğŸ‘¦, Family: Man,1
ğŸ‘¨â€ğŸ‘©â€ğŸ‘§â€ğŸ‘§, Family: Man,1
ğŸ‘¨â€ğŸ‘¨â€ğŸ‘¦, Family: Man,1
ğŸ‘¨â€ğŸ‘¨â€ğŸ‘§, Family: Man,1
ğŸ‘¨â€ğŸ‘¨â€ğŸ‘§â€ğŸ‘¦, Family: Man,1
ğŸ‘¨â€ğŸ‘¨â€ğŸ‘¦â€ğŸ‘¦, Family: Man,1
ğŸ‘¨â€ğŸ‘¨â€ğŸ‘§â€ğŸ‘§, Family: Man,1
ğŸ‘©â€ğŸ‘©â€ğŸ‘¦, Family: Woman,1
ğŸ‘©â€ğŸ‘©â€ğŸ‘§, Family: Woman,1
ğŸ‘©â€ğŸ‘©â€ğŸ‘§â€ğŸ‘¦, Family: Woman,1
ğŸ‘©â€ğŸ‘©â€ğŸ‘¦â€ğŸ‘¦, Family: Woman,1
ğŸ‘©â€ğŸ‘©â€ğŸ‘§â€ğŸ‘§, Family: Woman,1
ğŸ‘¨â€ğŸ‘¦, Family: Man,1
ğŸ‘¨â€ğŸ‘¦â€ğŸ‘¦, Family: Man,1
ğŸ‘¨â€ğŸ‘§, Family: Man,1
ğŸ‘¨â€ğŸ‘§â€ğŸ‘¦, Family: Man,1
ğŸ‘¨â€ğŸ‘§â€ğŸ‘§, Family: Man,1
ğŸ‘©â€ğŸ‘¦, Family: Woman,1
ğŸ‘©â€ğŸ‘¦â€ğŸ‘¦, Family: Woman,1
ğŸ‘©â€ğŸ‘§, Family: Woman,1
ğŸ‘©â€ğŸ‘§â€ğŸ‘¦, Family: Woman,1
ğŸ‘©â€ğŸ‘§â€ğŸ‘§, Family: Woman,1
ğŸ¤³, Selfie,1
ğŸ’ª, Flexed Biceps,1
ğŸ‘ˆ, Backhand Index Pointing Left,1
ğŸ‘‰, Backhand Index Pointing Right,1
â˜, Index Pointing Up,1
ğŸ‘†, Backhand Index Pointing Up,1
ğŸ–•, Middle Finger,1
ğŸ‘‡, Backhand Index Pointing Down,1
âœŒ, Victory Hand,1
ğŸ¤, Crossed Fingers,1
ğŸ––, Vulcan Salute,1
ğŸ¤˜, Sign of the Horns,1
ğŸ–, Hand With Fingers Splayed,1
âœ‹, Raised Hand,1
ğŸ‘Œ, OK Hand,1
ğŸ‘, Thumbs Up,1
ğŸ‘, Thumbs Down,1
âœŠ, Raised Fist,1
ğŸ‘Š, Oncoming Fist,1
ğŸ¤›, Left-Facing Fist,1
ğŸ¤œ, Right-Facing Fist,1
ğŸ¤š, Raised Back of Hand,1
ğŸ‘‹, Waving Hand,1
ğŸ¤Ÿ, Love-You Gesture,1
âœ, Writing Hand,1
ğŸ‘, Clapping Hands,1
ğŸ‘, Open Hands,1
ğŸ™Œ, Raising Hands,1
ğŸ¤², Palms Up Together,1
ğŸ™, Folded Hands,1
ğŸ¤, Handshake,1
ğŸ’…, Nail Polish,1
ğŸ‘‚, Ear,1
ğŸ‘ƒ, Nose,1
ğŸ‘£, Footprints,1
ğŸ‘€, Eyes,1
ğŸ‘, Eye,1
ğŸ§ , Brain,1
ğŸ‘…, Tongue,1
ğŸ‘„, Mouth,1
ğŸ’‹, Kiss Mark,1
ğŸ‘“, Glasses,1
ğŸ•¶, Sunglasses,1
ğŸ‘”, Necktie,1
ğŸ‘•, T-Shirt,1
ğŸ‘–, Jeans,1
ğŸ§£, Scarf,1
ğŸ§¤, Gloves,1
ğŸ§¥, Coat,1
ğŸ§¦, Socks,1
ğŸ‘—, Dress,1
ğŸ‘˜, Kimono,1
ğŸ‘™, Bikini,1
ğŸ‘š, Womanâ€™s Clothes,1
ğŸ‘›, Purse,1
ğŸ‘œ, Handbag,1
ğŸ‘, Clutch Bag,1
ğŸ’, School Backpack,1
ğŸ‘, Manâ€™s Shoe,1
ğŸ‘Ÿ, Running Shoe,1
ğŸ‘ , High-Heeled Shoe,1
ğŸ‘¡, Womanâ€™s Sandal,1
ğŸ‘¢, Womanâ€™s Boot,1
ğŸ‘‘, Crown,1
ğŸ‘’, Womanâ€™s Hat,1
ğŸ©, Top Hat,1
ğŸ“, Graduation Cap,1
ğŸ§¢, Billed Cap,1
â›‘, Rescue Workerâ€™s Helmet,1
ğŸ’„, Lipstick,1
ğŸ’, Ring,1
ğŸŒ‚, Closed Umbrella,1
â˜‚, Umbrella,1
ğŸ’¼, Briefcase,1
break, break,1
ğŸ™ˆ, See-No-Evil Monkey,1
ğŸ™‰, Hear-No-Evil Monkey,1
ğŸ™Š, Speak-No-Evil Monkey,1
ğŸ’¥, Collision,1
ğŸ’¦, Sweat Droplets,1
ğŸ’¨, Dashing Away,1
ğŸ’«, Dizzy,1
ğŸµ, Monkey Face,1
ğŸ’, Monkey,1
ğŸ¦, Gorilla,1
ğŸ¶, Dog Face,1
ğŸ•, Dog,1
ğŸ©, Poodle,1
ğŸº, Wolf Face,1
ğŸ¦Š, Fox Face,1
ğŸ±, Cat Face,1
ğŸˆ, Cat,1
ğŸ¦, Lion Face,1
ğŸ¯, Tiger Face,1
ğŸ…, Tiger,1
ğŸ†, Leopard,1
ğŸ´, Horse Face,1
ğŸ, Horse,1
ğŸ¦„, Unicorn Face,1
ğŸ¦“, Zebra,1
ğŸ®, Cow Face,1
ğŸ‚, Ox,1
ğŸƒ, Water Buffalo,1
ğŸ„, Cow,1
ğŸ·, Pig Face,1
ğŸ–, Pig,1
ğŸ—, Boar,1
ğŸ½, Pig Nose,1
ğŸ, Ram,1
ğŸ‘, Ewe,1
ğŸ, Goat,1
ğŸª, Camel,1
ğŸ«, Two-Hump Camel,1
ğŸ¦’, Giraffe,1
ğŸ˜, Elephant,1
ğŸ¦, Rhinoceros,1
ğŸ­, Mouse Face,1
ğŸ, Mouse,1
ğŸ€, Rat,1
ğŸ¹, Hamster Face,1
ğŸ°, Rabbit Face,1
ğŸ‡, Rabbit,1
ğŸ¿, Chipmunk,1
ğŸ¦”, Hedgehog,1
ğŸ¦‡, Bat,1
ğŸ», Bear Face,1
ğŸ¨, Koala,1
ğŸ¼, Panda Face,1
ğŸ¾, Paw Prints,1
ğŸ¦ƒ, Turkey,1
ğŸ”, Chicken,1
ğŸ“, Rooster,1
ğŸ£, Hatching Chick,1
ğŸ¤, Baby Chick,1
ğŸ¥, Front-Facing Baby Chick,1
ğŸ¦, Bird,1
ğŸ§, Penguin,1
ğŸ•Š, Dove,1
ğŸ¦…, Eagle,1
ğŸ¦†, Duck,1
ğŸ¦‰, Owl,1
ğŸ¸, Frog Face,1
ğŸŠ, Crocodile,1
ğŸ¢, Turtle,1
ğŸ¦, Lizard,1
ğŸ, Snake,1
ğŸ², Dragon Face,1
ğŸ‰, Dragon,1
ğŸ¦•, Sauropod,1
ğŸ¦–, T-Rex,1
ğŸ³, Spouting Whale,1
ğŸ‹, Whale,1
ğŸ¬, Dolphin,1
ğŸŸ, Fish,1
ğŸ , Tropical Fish,1
ğŸ¡, Blowfish,1
ğŸ¦ˆ, Shark,1
ğŸ™, Octopus,1
ğŸš, Spiral Shell,1
ğŸ¦€, Crab,1
ğŸ¦, Shrimp,1
ğŸ¦‘, Squid,1
ğŸŒ, Snail,1
ğŸ¦‹, Butterfly,1
ğŸ›, Bug,1
ğŸœ, Ant,1
ğŸ, Honeybee,1
ğŸ, Lady Beetle,1
ğŸ¦—, Cricket,1
ğŸ•·, Spider,1
ğŸ•¸, Spider Web,1
ğŸ¦‚, Scorpion,1
ğŸ’, Bouquet,1
ğŸŒ¸, Cherry Blossom,1
ğŸ’®, White Flower,1
ğŸµ, Rosette,1
ğŸŒ¹, Rose,1
ğŸ¥€, Wilted Flower,1
ğŸŒº, Hibiscus,1
ğŸŒ», Sunflower,1
ğŸŒ¼, Blossom,1
ğŸŒ·, Tulip,1
ğŸŒ±, Seedling,1
ğŸŒ², Evergreen Tree,1
ğŸŒ³, Deciduous Tree,1
ğŸŒ´, Palm Tree,1
ğŸŒµ, Cactus,1
ğŸŒ¾, Sheaf of Rice,1
ğŸŒ¿, Herb,1
â˜˜, Shamrock,1
ğŸ€, Four Leaf Clover,1
ğŸ, Maple Leaf,1
ğŸ‚, Fallen Leaf,1
ğŸƒ, Leaf Fluttering in Wind,1
ğŸ„, Mushroom,1
ğŸŒ°, Chestnut,1
ğŸŒ, Globe Showing Europe-Africa,1
ğŸŒ, Globe Showing Americas,1
ğŸŒ, Globe Showing Asia-Australia,1
ğŸŒ, Globe With Meridians,1
ğŸŒ‘, New Moon,1
ğŸŒ’, Waxing Crescent Moon,1
ğŸŒ“, First Quarter Moon,1
ğŸŒ”, Waxing Gibbous Moon,1
ğŸŒ•, Full Moon,1
ğŸŒ–, Waning Gibbous Moon,1
ğŸŒ—, Last Quarter Moon,1
ğŸŒ˜, Waning Crescent Moon,1
ğŸŒ™, Crescent Moon,1
ğŸŒš, New Moon Face,1
ğŸŒ›, First Quarter Moon Face,1
ğŸŒœ, Last Quarter Moon Face,1
â˜€, Sun,1
ğŸŒ, Full Moon Face,1
ğŸŒ, Sun With Face,1
â­, White Medium Star,1
ğŸŒŸ, Glowing Star,1
ğŸŒ , Shooting Star,1
â˜, Cloud,1
â›…, Sun Behind Cloud,1
â›ˆ, Cloud With Lightning and Rain,1
ğŸŒ¤, Sun Behind Small Cloud,1
ğŸŒ¥, Sun Behind Large Cloud,1
ğŸŒ¦, Sun Behind Rain Cloud,1
ğŸŒ§, Cloud With Rain,1
ğŸŒ¨, Cloud With Snow,1
ğŸŒ©, Cloud With Lightning,1
ğŸŒª, Tornado,1
ğŸŒ«, Fog,1
ğŸŒ¬, Wind Face,1
ğŸŒˆ, Rainbow,1
â˜‚, Umbrella,1
â˜”, Umbrella With Rain Drops,1
âš¡, High Voltage,1
â„, Snowflake,1
â˜ƒ, Snowman,1
â›„, Snowman Without Snow,1
â˜„, Comet,1
ğŸ”¥, Fire,1
ğŸ’§, Droplet,1
ğŸŒŠ, Water Wave,1
ğŸ„, Christmas Tree,1
âœ¨, Sparkles,1
ğŸ‹, Tanabata Tree,1
ğŸ, Pine Decoration,1
break, break,1
ğŸ‡, Grapes,1
ğŸˆ, Melon,1
ğŸ‰, Watermelon,1
ğŸŠ, Tangerine,1
ğŸ‹, Lemon,1
ğŸŒ, Banana,1
ğŸ, Pineapple,1
ğŸ, Red Apple,1
ğŸ, Green Apple,1
ğŸ, Pear,1
ğŸ‘, Peach,1
ğŸ’, Cherries,1
ğŸ“, Strawberry,1
ğŸ¥, Kiwi Fruit,1
ğŸ…, Tomato,1
ğŸ¥¥, Coconut,1
ğŸ¥‘, Avocado,1
ğŸ†, Eggplant,1
ğŸ¥”, Potato,1
ğŸ¥•, Carrot,1
ğŸŒ½, Ear of Corn,1
ğŸŒ¶, Hot Pepper,1
ğŸ¥’, Cucumber,1
ğŸ¥¦, Broccoli,1
ğŸ„, Mushroom,1
ğŸ¥œ, Peanuts,1
ğŸŒ°, Chestnut,1
ğŸ, Bread,1
ğŸ¥, Croissant,1
ğŸ¥–, Baguette Bread,1
ğŸ¥¨, Pretzel,1
ğŸ¥, Pancakes,1
ğŸ§€, Cheese Wedge,1
ğŸ–, Meat on Bone,1
ğŸ—, Poultry Leg,1
ğŸ¥©, Cut of Meat,1
ğŸ¥“, Bacon,1
ğŸ”, Hamburger,1
ğŸŸ, French Fries,1
ğŸ•, Pizza,1
ğŸŒ­, Hot Dog,1
ğŸ¥ª, Sandwich,1
ğŸŒ®, Taco,1
ğŸŒ¯, Burrito,1
ğŸ³, Cooking,1
ğŸ², Pot of Food,1
ğŸ¥£, Bowl With Spoon,1
ğŸ¥—, Green Salad,1
ğŸ¿, Popcorn,1
ğŸ¥«, Canned Food,1
ğŸ±, Bento Box,1
ğŸ˜, Rice Cracker,1
ğŸ™, Rice Ball,1
ğŸš, Cooked Rice,1
ğŸ›, Curry Rice,1
ğŸœ, Steaming Bowl,1
ğŸ, Spaghetti,1
ğŸ , Roasted Sweet Potato,1
ğŸ¢, Oden,1
ğŸ£, Sushi,1
ğŸ¤, Fried Shrimp,1
ğŸ¥, Fish Cake With Swirl,1
ğŸ¡, Dango,1
ğŸ¥Ÿ, Dumpling,1
ğŸ¥ , Fortune Cookie,1
ğŸ¥¡, Takeout Box,1
ğŸ¦, Soft Ice Cream,1
ğŸ§, Shaved Ice,1
ğŸ¨, Ice Cream,1
ğŸ©, Doughnut,1
ğŸª, Cookie,1
ğŸ‚, Birthday Cake,1
ğŸ°, Shortcake,1
ğŸ¥§, Pie,1
ğŸ«, Chocolate Bar,1
ğŸ¬, Candy,1
ğŸ­, Lollipop,1
ğŸ®, Custard,1
ğŸ¯, Honey Pot,1
ğŸ¼, Baby Bottle,1
ğŸ¥›, Glass of Milk,1
â˜•, Hot Beverage,1
ğŸµ, Teacup Without Handle,1
ğŸ¶, Sake,1
ğŸ¾, Bottle With Popping Cork,1
ğŸ·, Wine Glass,1
ğŸ¸, Cocktail Glass,1
ğŸ¹, Tropical Drink,1
ğŸº, Beer Mug,1
ğŸ», Clinking Beer Mugs,1
ğŸ¥‚, Clinking Glasses,1
ğŸ¥ƒ, Tumbler Glass,1
ğŸ¥¤, Cup With Straw,1
ğŸ¥¢, Chopsticks,1
ğŸ½, Fork and Knife With Plate,1
ğŸ´, Fork and Knife,1
ğŸ¥„, Spoon,1
break, break,1
ğŸ‘¾, Alien Monster,1
ğŸ§—â€â™€ï¸, Woman Climbing,1
ğŸ§—â€â™‚ï¸, Man Climbing,1
ğŸ§˜â€â™€ï¸, Woman in Lotus Position,1
ğŸ§˜â€â™‚ï¸, Man in Lotus Position,1
ğŸ•´, Man in Suit Levitating,1
ğŸ‡, Horse Racing,1
â›·, Skier,1
ğŸ‚, Snowboarder,1
ğŸŒ, Person Golfing,1
ğŸŒï¸â€â™‚ï¸, Man Golfing,1
ğŸŒï¸â€â™€ï¸, Woman Golfing,1
ğŸ„, Person Surfing,1
ğŸ„â€â™‚ï¸, Man Surfing,1
ğŸ„â€â™€ï¸, Woman Surfing,1
ğŸš£, Person Rowing Boat,1
ğŸš£â€â™‚ï¸, Man Rowing Boat,1
ğŸš£â€â™€ï¸, Woman Rowing Boat,1
ğŸŠ, Person Swimming,1
ğŸŠâ€â™‚ï¸, Man Swimming,1
ğŸŠâ€â™€ï¸, Woman Swimming,1
â›¹, Person Bouncing Ball,1
â›¹ï¸â€â™‚ï¸, Man Bouncing Ball,1
â›¹ï¸â€â™€ï¸, Woman Bouncing Ball,1
ğŸ‹, Person Lifting Weights,1
ğŸ‹ï¸â€â™‚ï¸, Man Lifting Weights,1
ğŸ‹ï¸â€â™€ï¸, Woman Lifting Weights,1
ğŸš´, Person Biking,1
ğŸš´â€â™‚ï¸, Man Biking,1
ğŸš´â€â™€ï¸, Woman Biking,1
ğŸšµ, Person Mountain Biking,1
ğŸšµâ€â™‚ï¸, Man Mountain Biking,1
ğŸšµâ€â™€ï¸, Woman Mountain Biking,1
ğŸ¤¸, Person Cartwheeling,1
ğŸ¤¸â€â™‚ï¸, Man Cartwheeling,1
ğŸ¤¸â€â™€ï¸, Woman Cartwheeling,1
ğŸ¤¼, People Wrestling,1
ğŸ¤¼â€â™‚ï¸, Men Wrestling,1
ğŸ¤¼â€â™€ï¸, Women Wrestling,1
ğŸ¤½, Person Playing Water Polo,1
ğŸ¤½â€â™‚ï¸, Man Playing Water Polo,1
ğŸ¤½â€â™€ï¸, Woman Playing Water Polo,1
ğŸ¤¾, Person Playing Handball,1
ğŸ¤¾â€â™‚ï¸, Man Playing Handball,1
ğŸ¤¾â€â™€ï¸, Woman Playing Handball,1
ğŸ¤¹, Person Juggling,1
ğŸ¤¹â€â™‚ï¸, Man Juggling,1
ğŸ¤¹â€â™€ï¸, Woman Juggling,1
ğŸª, Circus Tent,1
ğŸ—, Reminder Ribbon,1
ğŸŸ, Admission Tickets,1
ğŸ«, Ticket,1
ğŸ–, Military Medal,1
ğŸ†, Trophy,1
ğŸ…, Sports Medal,1
ğŸ¥‡, 1st Place Medal,1
ğŸ¥ˆ, 2nd Place Medal,1
ğŸ¥‰, 3rd Place Medal,1
âš½, Soccer Ball,1
âš¾, Baseball,1
ğŸ€, Basketball,1
ğŸ, Volleyball,1
ğŸˆ, American Football,1
ğŸ‰, Rugby Football,1
ğŸ¾, Tennis,1
ğŸ³, Bowling,1
ğŸ, Cricket Game,1
ğŸ‘, Field Hockey,1
ğŸ’, Ice Hockey,1
ğŸ“, Ping Pong,1
ğŸ¸, Badminton,1
ğŸ¥Š, Boxing Glove,1
ğŸ¥‹, Martial Arts Uniform,1
â›³, Flag in Hole,1
â›¸, Ice Skate,1
ğŸ£, Fishing Pole,1
ğŸ½, Running Shirt,1
ğŸ¿, Skis,1
ğŸ›·, Sled,1
ğŸ¥Œ, Curling Stone,1
ğŸ¯, Direct Hit,1
ğŸ±, Pool 8 Ball,1
ğŸ®, Video Game,1
ğŸ°, Slot Machine,1
ğŸ², Game Die,1
ğŸ­, Performing Arts,1
ğŸ¨, Artist Palette,1
ğŸ¼, Musical Score,1
ğŸ¤, Microphone,1
ğŸ§, Headphone,1
ğŸ·, Saxophone,1
ğŸ¸, Guitar,1
ğŸ¹, Musical Keyboard,1
ğŸº, Trumpet,1
ğŸ», Violin,1
ğŸ¥, Drum,1
ğŸ¬, Clapper Board,1
ğŸ¹, Bow and Arrow,1
break, break,1
ğŸš£, Person Rowing Boat,1
ğŸ, Racing Car,1
ğŸ, Motorcycle,1
ğŸ—¾, Map of Japan,1
ğŸ”, Snow-Capped Mountain,1
â›°, Mountain,1
ğŸŒ‹, Volcano,1
ğŸ—», Mount Fuji,1
ğŸ•, Camping,1
ğŸ–, Beach With Umbrella,1
ğŸœ, Desert,1
ğŸ, Desert Island,1
ğŸ, National Park,1
ğŸŸ, Stadium,1
ğŸ›, Classical Building,1
ğŸ—, Building Construction,1
ğŸ˜, Houses,1
ğŸš, Derelict House,1
ğŸ , House,1
ğŸ¡, House With Garden,1
ğŸ¢, Office Building,1
ğŸ£, Japanese Post Office,1
ğŸ¤, Post Office,1
ğŸ¥, Hospital,1
ğŸ¦, Bank,1
ğŸ¨, Hotel,1
ğŸ©, Love Hotel,1
ğŸª, Convenience Store,1
ğŸ«, School,1
ğŸ¬, Department Store,1
ğŸ­, Factory,1
ğŸ¯, Japanese Castle,1
ğŸ°, Castle,1
ğŸ’’, Wedding,1
ğŸ—¼, Tokyo Tower,1
ğŸ—½, Statue of Liberty,1
â›ª, Church,1
ğŸ•Œ, Mosque,1
ğŸ•, Synagogue,1
â›©, Shinto Shrine,1
ğŸ•‹, Kaaba,1
â›², Fountain,1
â›º, Tent,1
ğŸŒ, Foggy,1
ğŸŒƒ, Night With Stars,1
ğŸ™, Cityscape,1
ğŸŒ„, Sunrise Over Mountains,1
ğŸŒ…, Sunrise,1
ğŸŒ†, Cityscape at Dusk,1
ğŸŒ‡, Sunset,1
ğŸŒ‰, Bridge at Night,1
ğŸŒŒ, Milky Way,1
ğŸ , Carousel Horse,1
ğŸ¡, Ferris Wheel,1
ğŸ¢, Roller Coaster,1
ğŸš‚, Locomotive,1
ğŸšƒ, Railway Car,1
ğŸš„, High-Speed Train,1
ğŸš…, Bullet Train,1
ğŸš†, Train,1
ğŸš‡, Metro,1
ğŸšˆ, Light Rail,1
ğŸš‰, Station,1
ğŸšŠ, Tram,1
ğŸš, Monorail,1
ğŸš, Mountain Railway,1
ğŸš‹, Tram Car,1
ğŸšŒ, Bus,1
ğŸš, Oncoming Bus,1
ğŸš, Trolleybus,1
ğŸš, Minibus,1
ğŸš‘, Ambulance,1
ğŸš’, Fire Engine,1
ğŸš“, Police Car,1
ğŸš”, Oncoming Police Car,1
ğŸš•, Taxi,1
ğŸš–, Oncoming Taxi,1
ğŸš—, Automobile,1
ğŸš˜, Oncoming Automobile,1
ğŸšš, Delivery Truck,1
ğŸš›, Articulated Lorry,1
ğŸšœ, Tractor,1
ğŸš², Bicycle,1
ğŸ›´, Kick Scooter,1
ğŸ›µ, Motor Scooter,1
ğŸš, Bus Stop,1
ğŸ›¤, Railway Track,1
â›½, Fuel Pump,1
ğŸš¨, Police Car Light,1
ğŸš¥, Horizontal Traffic Light,1
ğŸš¦, Vertical Traffic Light,1
ğŸš§, Construction,1
âš“, Anchor,1
â›µ, Sailboat,1
ğŸš¤, Speedboat,1
ğŸ›³, Passenger Ship,1
â›´, Ferry,1
ğŸ›¥, Motor Boat,1
ğŸš¢, Ship,1
âœˆ, Airplane,1
ğŸ›©, Small Airplane,1
ğŸ›«, Airplane Departure,1
ğŸ›¬, Airplane Arrival,1
ğŸ’º, Seat,1
ğŸš, Helicopter,1
ğŸšŸ, Suspension Railway,1
ğŸš , Mountain Cableway,1
ğŸš¡, Aerial Tramway,1
ğŸ›°, Satellite,1
ğŸš€, Rocket,1
ğŸ›¸, Flying Saucer,1
ğŸŒ , Shooting Star,1
â›±, Umbrella on Ground,1
ğŸ†, Fireworks,1
ğŸ‡, Sparkler,1
ğŸ‘, Moon Viewing Ceremony,1
ğŸ’´, Yen Banknote,1
ğŸ’µ, Dollar Banknote,1
ğŸ’¶, Euro Banknote,1
ğŸ’·, Pound Banknote,1
ğŸ—¿, Moai,1
ğŸ›‚, Passport Control,1
ğŸ›ƒ, Customs,1
ğŸ›„, Baggage Claim,1
ğŸ›…, Left Luggage,1
break, break,1
â˜ , Skull and Crossbones,1
ğŸ›€, Person Taking Bath,1
ğŸ›Œ, Person in Bed,1
ğŸ’Œ, Love Letter,1
ğŸ’£, Bomb,1
ğŸ•³, Hole,1
ğŸ›, Shopping Bags,1
ğŸ“¿, Prayer Beads,1
ğŸ’, Gem Stone,1
ğŸ”ª, Kitchen Knife,1
ğŸº, Amphora,1
ğŸ—º, World Map,1
ğŸ’ˆ, Barber Pole,1
ğŸ›¢, Oil Drum,1
ğŸ›, Bellhop Bell,1
âŒ›, Hourglass Done,1
â³, Hourglass Not Done,1
âŒš, Watch,1
â°, Alarm Clock,1
â±, Stopwatch,1
â², Timer Clock,1
ğŸ•°, Mantelpiece Clock,1
ğŸŒ¡, Thermometer,1
â›±, Umbrella on Ground,1
ğŸˆ, Balloon,1
ğŸ‰, Party Popper,1
ğŸŠ, Confetti Ball,1
ğŸ, Japanese Dolls,1
ğŸ, Carp Streamer,1
ğŸ, Wind Chime,1
ğŸ€, Ribbon,1
ğŸ, Wrapped Gift,1
ğŸ”®, Crystal Ball,1
ğŸ•¹, Joystick,1
ğŸ–¼, Framed Picture,1
ğŸ“¯, Postal Horn,1
ğŸ™, Studio Microphone,1
ğŸš, Level Slider,1
ğŸ›, Control Knobs,1
ğŸ“», Radio,1
ğŸ“±, Mobile Phone,1
ğŸ“², Mobile Phone With Arrow,1
â˜, Telephone,1
ğŸ“, Telephone Receiver,1
ğŸ“Ÿ, Pager,1
ğŸ“ , Fax Machine,1
ğŸ”‹, Battery,1
ğŸ”Œ, Electric Plug,1
ğŸ’», Laptop Computer,1
ğŸ–¥, Desktop Computer,1
ğŸ–¨, Printer,1
âŒ¨, Keyboard,1
ğŸ–±, Computer Mouse,1
ğŸ–², Trackball,1
ğŸ’½, Computer Disk,1
ğŸ’¾, Floppy Disk,1
ğŸ’¿, Optical Disk,1
ğŸ“€, DVD,1
ğŸ¥, Movie Camera,1
ğŸ, Film Frames,1
ğŸ“½, Film Projector,1
ğŸ“º, Television,1
ğŸ“·, Camera,1
ğŸ“¸, Camera With Flash,1
ğŸ“¹, Video Camera,1
ğŸ“¼, Videocassette,1
ğŸ”, Magnifying Glass Tilted Left,1
ğŸ”, Magnifying Glass Tilted Right,1
ğŸ•¯, Candle,1
ğŸ’¡, Light Bulb,1
ğŸ”¦, Flashlight,1
ğŸ®, Red Paper Lantern,1
ğŸ“”, Notebook With Decorative Cover,1
ğŸ“•, Closed Book,1
ğŸ“–, Open Book,1
ğŸ“—, Green Book,1
ğŸ“˜, Blue Book,1
ğŸ“™, Orange Book,1
ğŸ“š, Books,1
ğŸ““, Notebook,1
ğŸ“ƒ, Page With Curl,1
ğŸ“œ, Scroll,1
ğŸ“„, Page Facing Up,1
ğŸ“°, Newspaper,1
ğŸ—, Rolled-Up Newspaper,1
ğŸ“‘, Bookmark Tabs,1
ğŸ”–, Bookmark,1
ğŸ·, Label,1
ğŸ’°, Money Bag,1
ğŸ’´, Yen Banknote,1
ğŸ’µ, Dollar Banknote,1
ğŸ’¶, Euro Banknote,1
ğŸ’·, Pound Banknote,1
ğŸ’¸, Money With Wings,1
ğŸ’³, Credit Card,1
âœ‰, Envelope,1
ğŸ“§, E-Mail,1
ğŸ“¨, Incoming Envelope,1
ğŸ“©, Envelope With Arrow,1
ğŸ“¤, Outbox Tray,1
ğŸ“¥, Inbox Tray,1
ğŸ“¦, Package,1
ğŸ“«, Closed Mailbox With Raised Flag,1
ğŸ“ª, Closed Mailbox With Lowered Flag,1
ğŸ“¬, Open Mailbox With Raised Flag,1
ğŸ“­, Open Mailbox With Lowered Flag,1
ğŸ“®, Postbox,1
ğŸ—³, Ballot Box With Ballot,1
âœ, Pencil,1
âœ’, Black Nib,1
ğŸ–‹, Fountain Pen,1
ğŸ–Š, Pen,1
ğŸ–Œ, Paintbrush,1
ğŸ–, Crayon,1
ğŸ“, Memo,1
ğŸ“, File Folder,1
ğŸ“‚, Open File Folder,1
ğŸ—‚, Card Index Dividers,1
ğŸ“…, Calendar,1
ğŸ“†, Tear-Off Calendar,1
ğŸ—’, Spiral Notepad,1
ğŸ—“, Spiral Calendar,1
ğŸ“‡, Card Index,1
ğŸ“ˆ, Chart Increasing,1
ğŸ“‰, Chart Decreasing,1
ğŸ“Š, Bar Chart,1
ğŸ“‹, Clipboard,1
ğŸ“Œ, Pushpin,1
ğŸ“, Round Pushpin,1
ğŸ“, Paperclip,1
ğŸ–‡, Linked Paperclips,1
ğŸ“, Straight Ruler,1
ğŸ“, Triangular Ruler,1
âœ‚, Scissors,1
ğŸ—ƒ, Card File Box,1
ğŸ—„, File Cabinet,1
ğŸ—‘, Wastebasket,1
ğŸ”’, Locked,1
ğŸ”“, Unlocked,1
ğŸ”, Locked With Pen,1
ğŸ”, Locked With Key,1
ğŸ”‘, Key,1
ğŸ—, Old Key,1
ğŸ”¨, Hammer,1
â›, Pick,1
âš’, Hammer and Pick,1
ğŸ› , Hammer and Wrench,1
ğŸ—¡, Dagger,1
âš”, Crossed Swords,1
ğŸ”«, Pistol,1
ğŸ›¡, Shield,1
ğŸ”§, Wrench,1
ğŸ”©, Nut and Bolt,1
âš™, Gear,1
ğŸ—œ, Clamp,1
âš–, Balance Scale,1
ğŸ”—, Link,1
â›“, Chains,1
âš—, Alembic,1
ğŸ”¬, Microscope,1
ğŸ”­, Telescope,1
ğŸ“¡, Satellite Antenna,1
ğŸ’‰, Syringe,1
ğŸ’Š, Pill,1
ğŸšª, Door,1
ğŸ›, Bed,1
ğŸ›‹, Couch and Lamp,1
ğŸš½, Toilet,1
ğŸš¿, Shower,1
ğŸ›, Bathtub,1
ğŸš¬, Cigarette,1
âš°, Coffin,1
âš±, Funeral Urn,1
ğŸ—¿, Moai,1
ğŸš°, Potable Water,1
break, break,1
ğŸ‘ï¸â€ğŸ—¨ï¸, Eye in Speech Bubble,1
ğŸ’˜, Heart With Arrow,1
â¤, Red Heart,1
ğŸ’“, Beating Heart,1
ğŸ’”, Broken Heart,1
ğŸ’•, Two Hearts,1
ğŸ’–, Sparkling Heart,1
ğŸ’—, Growing Heart,1
ğŸ’™, Blue Heart,1
ğŸ’š, Green Heart,1
ğŸ’›, Yellow Heart,1
ğŸ§¡, Orange Heart,1
ğŸ’œ, Purple Heart,1
ğŸ–¤, Black Heart,1
ğŸ’, Heart With Ribbon,1
ğŸ’, Revolving Hearts,1
ğŸ’Ÿ, Heart Decoration,1
â£, Heavy Heart Exclamation,1
ğŸ’¤, Zzz,1
ğŸ’¢, Anger Symbol,1
ğŸ’¬, Speech Balloon,1
ğŸ—¯, Right Anger Bubble,1
ğŸ’­, Thought Balloon,1
ğŸ’®, White Flower,1
â™¨, Hot Springs,1
ğŸ’ˆ, Barber Pole,1
ğŸ›‘, Stop Sign,1
ğŸ•›, Twelve Oâ€™clock,1
ğŸ•§, Twelve-Thirty,1
ğŸ•, One Oâ€™clock,1
ğŸ•œ, One-Thirty,1
ğŸ•‘, Two Oâ€™clock,1
ğŸ•, Two-Thirty,1
ğŸ•’, Three Oâ€™clock,1
ğŸ•, Three-Thirty,1
ğŸ•“, Four Oâ€™clock,1
ğŸ•Ÿ, Four-Thirty,1
ğŸ•”, Five Oâ€™clock,1
ğŸ• , Five-Thirty,1
ğŸ••, Six Oâ€™clock,1
ğŸ•¡, Six-Thirty,1
ğŸ•–, Seven Oâ€™clock,1
ğŸ•¢, Seven-Thirty,1
ğŸ•—, Eight Oâ€™clock,1
ğŸ•£, Eight-Thirty,1
ğŸ•˜, Nine Oâ€™clock,1
ğŸ•¤, Nine-Thirty,1
ğŸ•™, Ten Oâ€™clock,1
ğŸ•¥, Ten-Thirty,1
ğŸ•š, Eleven Oâ€™clock,1
ğŸ•¦, Eleven-Thirty,1
ğŸŒ€, Cyclone,1
â™ , Spade Suit,1
â™¥, Heart Suit,1
â™¦, Diamond Suit,1
â™£, Club Suit,1
ğŸƒ, Joker,1
ğŸ€„, Mahjong Red Dragon,1
ğŸ´, Flower Playing Cards,1
ğŸ”‡, Muted Speaker,1
ğŸ”ˆ, Speaker Low Volume,1
ğŸ”‰, Speaker Medium Volume,1
ğŸ”Š, Speaker High Volume,1
ğŸ“¢, Loudspeaker,1
ğŸ“£, Megaphone,1
ğŸ“¯, Postal Horn,1
ğŸ””, Bell,1
ğŸ”•, Bell With Slash,1
ğŸµ, Musical Note,1
ğŸ¶, Musical Notes,1
ğŸ§, Atm Sign,1
ğŸš®, Litter in Bin Sign,1
ğŸš°, Potable Water,1
â™¿, Wheelchair Symbol,1
ğŸš¹, Menâ€™s Room,1
ğŸšº, Womenâ€™s Room,1
ğŸš», Restroom,1
ğŸš¼, Baby Symbol,1
ğŸš¾, Water Closet,1
âš , Warning,1
ğŸš¸, Children Crossing,1
â›”, No Entry,1
ğŸš«, Prohibited,1
ğŸš³, No Bicycles,1
ğŸš­, No Smoking,1
ğŸš¯, No Littering,1
ğŸš±, Non-Potable Water,1
ğŸš·, No Pedestrians,1
ğŸ”, No One Under Eighteen,1
â˜¢, Radioactive,1
â˜£, Biohazard,1
â¬†, Up Arrow,1
â†—, Up-Right Arrow,1
â¡, Right Arrow,1
â†˜, Down-Right Arrow,1
â¬‡, Down Arrow,1
â†™, Down-Left Arrow,1
â¬…, Left Arrow,1
â†–, Up-Left Arrow,1
â†•, Up-Down Arrow,1
â†”, Left-Right Arrow,1
â†©, Right Arrow Curving Left,1
â†ª, Left Arrow Curving Right,1
â¤´, Right Arrow Curving Up,1
â¤µ, Right Arrow Curving Down,1
ğŸ”ƒ, Clockwise Vertical Arrows,1
ğŸ”„, Counterclockwise Arrows Button,1
ğŸ”™, Back Arrow,1
ğŸ”š, End Arrow,1
ğŸ”›, On! Arrow,1
ğŸ”œ, Soon Arrow,1
ğŸ”, Top Arrow,1
ğŸ›, Place of Worship,1
âš›, Atom Symbol,1
ğŸ•‰, Om,1
âœ¡, Star of David,1
â˜¸, Wheel of Dharma,1
â˜¯, Yin Yang,1
âœ, Latin Cross,1
â˜¦, Orthodox Cross,1
â˜ª, Star and Crescent,1
â˜®, Peace Symbol,1
ğŸ•, Menorah,1
ğŸ”¯, Dotted Six-Pointed Star,1
â™ˆ, Aries,1
â™‰, Taurus,1
â™Š, Gemini,1
â™‹, Cancer,1
â™Œ, Leo,1
â™, Virgo,1
â™, Libra,1
â™, Scorpio,1
â™, Sagittarius,1
â™‘, Capricorn,1
â™’, Aquarius,1
â™“, Pisces,1
â›, Ophiuchus,1
ğŸ”€, Shuffle Tracks Button,1
ğŸ”, Repeat Button,1
ğŸ”‚, Repeat Single Button,1
â–¶, Play Button,1
â©, Fast-Forward Button,1
â—€, Reverse Button,1
âª, Fast Reverse Button,1
ğŸ”¼, Upwards Button,1
â«, Fast Up Button,1
ğŸ”½, Downwards Button,1
â¬, Fast Down Button,1
â¹, Stop Button,1
â, Eject Button,1
ğŸ¦, Cinema,1
ğŸ”…, Dim Button,1
ğŸ”†, Bright Button,1
ğŸ“¶, Antenna Bars,1
ğŸ“³, Vibration Mode,1
ğŸ“´, Mobile Phone Off,1
â™», Recycling Symbol,1
ğŸ”±, Trident Emblem,1
ğŸ“›, Name Badge,1
ğŸ”°, Japanese Symbol for Beginner,1
â­•, Heavy Large Circle,1
âœ…, White Heavy Check Mark,1
â˜‘, Ballot Box With Check,1
âœ”, Heavy Check Mark,1
âœ–, Heavy Multiplication X,1
âŒ, Cross Mark,1
â, Cross Mark Button,1
â•, Heavy Plus Sign,1
â–, Heavy Minus Sign,1
â—, Heavy Division Sign,1
â°, Curly Loop,1
â¿, Double Curly Loop,1
ã€½, Part Alternation Mark,1
âœ³, Eight-Spoked Asterisk,1
âœ´, Eight-Pointed Star,1
â‡, Sparkle,1
â€¼, Double Exclamation Mark,1
â‰, Exclamation Question Mark,1
â“, Question Mark,1
â”, White Question Mark,1
â•, White Exclamation Mark,1
â—, Exclamation Mark,1
Â©, Copyright,1
Â®, Registered,1
â„¢, Trade Mark,1
#ï¸âƒ£, Keycap Number Sign,1
0ï¸âƒ£, Keycap Digit Zero,1
1ï¸âƒ£, Keycap Digit One,1
2ï¸âƒ£, Keycap Digit Two,1
3ï¸âƒ£, Keycap Digit Three,1
4ï¸âƒ£, Keycap Digit Four,1
5ï¸âƒ£, Keycap Digit Five,1
6ï¸âƒ£, Keycap Digit Six,1
7ï¸âƒ£, Keycap Digit Seven,1
8ï¸âƒ£, Keycap Digit Eight,1
9ï¸âƒ£, Keycap Digit Nine,1
ğŸ”Ÿ, Keycap 10,1
ğŸ’¯, Hundred Points,1
ğŸ” , Input Latin Uppercase,1
ğŸ”¡, Input Latin Lowercase,1
ğŸ”¢, Input Numbers,1
ğŸ”£, Input Symbols,1
ğŸ”¤, Input Latin Letters,1
ğŸ…°, A Button (blood Type),1
ğŸ†, Ab Button (blood Type),1
ğŸ…±, B Button (blood Type),1
ğŸ†‘, CL Button,1
ğŸ†’, Cool Button,1
ğŸ†“, Free Button,1
â„¹, Information,1
ğŸ†”, ID Button,1
â“‚, Circled M,1
ğŸ†•, New Button,1
ğŸ†–, NG Button,1
ğŸ…¾, O Button (blood Type),1
ğŸ†—, OK Button,1
ğŸ…¿, P Button,1
ğŸ†˜, SOS Button,1
ğŸ†™, Up! Button,1
ğŸ†š, Vs Button,1
ğŸˆ, Japanese â€œhereâ€ Button,1
ğŸˆ‚, Japanese â€œservice Chargeâ€ Button,1
ğŸˆ·, Japanese â€œmonthly Amountâ€ Button,1
ğŸˆ¶, Japanese â€œnot Free of Chargeâ€ Button,1
ğŸˆ¯, Japanese â€œreservedâ€ Button,1
ğŸ‰, Japanese â€œbargainâ€ Button,1
ğŸˆ¹, Japanese â€œdiscountâ€ Button,1
ğŸˆš, Japanese â€œfree of Chargeâ€ Button,1
ğŸˆ², Japanese â€œprohibitedâ€ Button,1
ğŸ‰‘, Japanese â€œacceptableâ€ Button,1
ğŸˆ¸, Japanese â€œapplicationâ€ Button,1
ğŸˆ´, Japanese â€œpassing Gradeâ€ Button,1
ğŸˆ³, Japanese â€œvacancyâ€ Button,1
ãŠ—, Japanese â€œcongratulationsâ€ Button,1
ãŠ™, Japanese â€œsecretâ€ Button,1
ğŸˆº, Japanese â€œopen for Businessâ€ Button,1
ğŸˆµ, Japanese â€œno Vacancyâ€ Button,1
â–ª, Black Small Square,1
â–«, White Small Square,1
â—», White Medium Square,1
â—¼, Black Medium Square,1
â—½, White Medium-Small Square,1
â—¾, Black Medium-Small Square,1
â¬›, Black Large Square,1
â¬œ, White Large Square,1
ğŸ”¶, Large Orange Diamond,1
ğŸ”·, Large Blue Diamond,1
ğŸ”¸, Small Orange Diamond,1
ğŸ”¹, Small Blue Diamond,1
ğŸ”º, Red Triangle Pointed Up,1
ğŸ”», Red Triangle Pointed Down,1
ğŸ’ , Diamond With a Dot,1
ğŸ”², Black Square Button,1
ğŸ”³, White Square Button,1
âšª, White Circle,1
âš«, Black Circle,1
ğŸ”´, Red Circle,1
ğŸ”µ, Blue Circle,1
break, break,1
ğŸ, Chequered Flag,1
ğŸš©, Triangular Flag,1
ğŸŒ, Crossed Flags,1
ğŸ´, Black Flag,1
ğŸ³, White Flag,1
ğŸ³ï¸â€ğŸŒˆ, Rainbow Flag,1
ğŸ´â€â˜ ï¸, Pirate Flag,1
ğŸ‡¦ğŸ‡¨, Ascension Island,1
ğŸ‡¦ğŸ‡©, Andorra,1
ğŸ‡¦ğŸ‡ª, United Arab Emirates,1
ğŸ‡¦ğŸ‡«, Afghanistan,1
ğŸ‡¦ğŸ‡¬, Antigua & Barbuda,1
ğŸ‡¦ğŸ‡®, Anguilla,1
ğŸ‡¦ğŸ‡±, Albania,1
ğŸ‡¦ğŸ‡², Armenia,1
ğŸ‡¦ğŸ‡´, Angola,1
ğŸ‡¦ğŸ‡¶, Antarctica,1
ğŸ‡¦ğŸ‡·, Argentina,1
ğŸ‡¦ğŸ‡¸, American Samoa,1
ğŸ‡¦ğŸ‡¹, Austria,1
ğŸ‡¦ğŸ‡º, Australia,1
ğŸ‡¦ğŸ‡¼, Aruba,1
ğŸ‡¦ğŸ‡½, Ã…land Islands,1
ğŸ‡¦ğŸ‡¿, Azerbaijan,1
ğŸ‡§ğŸ‡¦, Bosnia & Herzegovina,1
ğŸ‡§ğŸ‡§, Barbados,1
ğŸ‡§ğŸ‡©, Bangladesh,1
ğŸ‡§ğŸ‡ª, Belgium,1
ğŸ‡§ğŸ‡«, Burkina Faso,1
ğŸ‡§ğŸ‡¬, Bulgaria,1
ğŸ‡§ğŸ‡­, Bahrain,1
ğŸ‡§ğŸ‡®, Burundi,1
ğŸ‡§ğŸ‡¯, Benin,1
ğŸ‡§ğŸ‡±, St. BarthÃ©lemy,1
ğŸ‡§ğŸ‡², Bermuda,1
ğŸ‡§ğŸ‡³, Brunei,1
ğŸ‡§ğŸ‡´, Bolivia,1
ğŸ‡§ğŸ‡¶, Caribbean Netherlands,1
ğŸ‡§ğŸ‡·, Brazil,1
ğŸ‡§ğŸ‡¸, Bahamas,1
ğŸ‡§ğŸ‡¹, Bhutan,1
ğŸ‡§ğŸ‡», Bouvet Island,1
ğŸ‡§ğŸ‡¼, Botswana,1
ğŸ‡§ğŸ‡¾, Belarus,1
ğŸ‡§ğŸ‡¿, Belize,1
ğŸ‡¨ğŸ‡¦, Canada,1
ğŸ‡¨ğŸ‡¨, Cocos (Keeling) Islands,1
ğŸ‡¨ğŸ‡©, Congo - Kinshasa,1
ğŸ‡¨ğŸ‡«, Central African Republic,1
ğŸ‡¨ğŸ‡¬, Congo - Brazzaville,1
ğŸ‡¨ğŸ‡­, Switzerland,1
ğŸ‡¨ğŸ‡®, CÃ´te Dâ€™Ivoire,1
ğŸ‡¨ğŸ‡°, Cook Islands,1
ğŸ‡¨ğŸ‡±, Chile,1
ğŸ‡¨ğŸ‡², Cameroon,1
ğŸ‡¨ğŸ‡³, China,1
ğŸ‡¨ğŸ‡´, Colombia,1
ğŸ‡¨ğŸ‡µ, Clipperton Island,1
ğŸ‡¨ğŸ‡·, Costa Rica,1
ğŸ‡¨ğŸ‡º, Cuba,1
ğŸ‡¨ğŸ‡», Cape Verde,1
ğŸ‡¨ğŸ‡¼, CuraÃ§ao,1
ğŸ‡¨ğŸ‡½, Christmas Island,1
ğŸ‡¨ğŸ‡¾, Cyprus,1
ğŸ‡¨ğŸ‡¿, Czechia,1
ğŸ‡©ğŸ‡ª, Germany,1
ğŸ‡©ğŸ‡¬, Diego Garcia,1
ğŸ‡©ğŸ‡¯, Djibouti,1
ğŸ‡©ğŸ‡°, Denmark,1
ğŸ‡©ğŸ‡², Dominica,1
ğŸ‡©ğŸ‡´, Dominican Republic,1
ğŸ‡©ğŸ‡¿, Algeria,1
ğŸ‡ªğŸ‡¦, Ceuta & Melilla,1
ğŸ‡ªğŸ‡¨, Ecuador,1
ğŸ‡ªğŸ‡ª, Estonia,1
ğŸ‡ªğŸ‡¬, Egypt,1
ğŸ‡ªğŸ‡­, Western Sahara,1
ğŸ‡ªğŸ‡·, Eritrea,1
ğŸ‡ªğŸ‡¸, Spain,1
ğŸ‡ªğŸ‡¹, Ethiopia,1
ğŸ‡ªğŸ‡º, European Union,1
ğŸ‡«ğŸ‡®, Finland,1
ğŸ‡«ğŸ‡¯, Fiji,1
ğŸ‡«ğŸ‡°, Falkland Islands,1
ğŸ‡«ğŸ‡², Micronesia,1
ğŸ‡«ğŸ‡´, Faroe Islands,1
ğŸ‡«ğŸ‡·, France,1
ğŸ‡¬ğŸ‡¦, Gabon,1
ğŸ‡¬ğŸ‡§, United Kingdom,1
ğŸ‡¬ğŸ‡©, Grenada,1
ğŸ‡¬ğŸ‡ª, Georgia,1
ğŸ‡¬ğŸ‡«, French Guiana,1
ğŸ‡¬ğŸ‡¬, Guernsey,1
ğŸ‡¬ğŸ‡­, Ghana,1
ğŸ‡¬ğŸ‡®, Gibraltar,1
ğŸ‡¬ğŸ‡±, Greenland,1
ğŸ‡¬ğŸ‡², Gambia,1
ğŸ‡¬ğŸ‡³, Guinea,1
ğŸ‡¬ğŸ‡µ, Guadeloupe,1
ğŸ‡¬ğŸ‡¶, Equatorial Guinea,1
ğŸ‡¬ğŸ‡·, Greece,1
ğŸ‡¬ğŸ‡¸, South Georgia & South Sandwich Islands,1
ğŸ‡¬ğŸ‡¹, Guatemala,1
ğŸ‡¬ğŸ‡º, Guam,1
ğŸ‡¬ğŸ‡¼, Guinea-Bissau,1
ğŸ‡¬ğŸ‡¾, Guyana,1
ğŸ‡­ğŸ‡°, Hong Kong SAR China,1
ğŸ‡­ğŸ‡², Heard & McDonald Islands,1
ğŸ‡­ğŸ‡³, Honduras,1
ğŸ‡­ğŸ‡·, Croatia,1
ğŸ‡­ğŸ‡¹, Haiti,1
ğŸ‡­ğŸ‡º, Hungary,1
ğŸ‡®ğŸ‡¨, Canary Islands,1
ğŸ‡®ğŸ‡©, Indonesia,1
ğŸ‡®ğŸ‡ª, Ireland,1
ğŸ‡®ğŸ‡±, Israel,1
ğŸ‡®ğŸ‡², Isle of Man,1
ğŸ‡®ğŸ‡³, India,1
ğŸ‡®ğŸ‡´, British Indian Ocean Territory,1
ğŸ‡®ğŸ‡¶, Iraq,1
ğŸ‡®ğŸ‡·, Iran,1
ğŸ‡®ğŸ‡¸, Iceland,1
ğŸ‡®ğŸ‡¹, Italy,1
ğŸ‡¯ğŸ‡ª, Jersey,1
ğŸ‡¯ğŸ‡², Jamaica,1
ğŸ‡¯ğŸ‡´, Jordan,1
ğŸ‡¯ğŸ‡µ, Japan,1
ğŸ‡°ğŸ‡ª, Kenya,1
ğŸ‡°ğŸ‡¬, Kyrgyzstan,1
ğŸ‡°ğŸ‡­, Cambodia,1
ğŸ‡°ğŸ‡®, Kiribati,1
ğŸ‡°ğŸ‡², Comoros,1
ğŸ‡°ğŸ‡³, St. Kitts & Nevis,1
ğŸ‡°ğŸ‡µ, North Korea,1
ğŸ‡°ğŸ‡·, South Korea,1
ğŸ‡°ğŸ‡¼, Kuwait,1
ğŸ‡°ğŸ‡¾, Cayman Islands,1
ğŸ‡°ğŸ‡¿, Kazakhstan,1
ğŸ‡±ğŸ‡¦, Laos,1
ğŸ‡±ğŸ‡§, Lebanon,1
ğŸ‡±ğŸ‡¨, St. Lucia,1
ğŸ‡±ğŸ‡®, Liechtenstein,1
ğŸ‡±ğŸ‡°, Sri Lanka,1
ğŸ‡±ğŸ‡·, Liberia,1
ğŸ‡±ğŸ‡¸, Lesotho,1
ğŸ‡±ğŸ‡¹, Lithuania,1
ğŸ‡±ğŸ‡º, Luxembourg,1
ğŸ‡±ğŸ‡», Latvia,1
ğŸ‡±ğŸ‡¾, Libya,1
ğŸ‡²ğŸ‡¦, Morocco,1
ğŸ‡²ğŸ‡¨, Monaco,1
ğŸ‡²ğŸ‡©, Moldova,1
ğŸ‡²ğŸ‡ª, Montenegro,1
ğŸ‡²ğŸ‡«, St. Martin,1
ğŸ‡²ğŸ‡¬, Madagascar,1
ğŸ‡²ğŸ‡­, Marshall Islands,1
ğŸ‡²ğŸ‡°, Macedonia,1
ğŸ‡²ğŸ‡±, Mali,1
ğŸ‡²ğŸ‡², Myanmar (Burma),1
ğŸ‡²ğŸ‡³, Mongolia,1
ğŸ‡²ğŸ‡´, Macau SAR China,1
ğŸ‡²ğŸ‡µ, Northern Mariana Islands,1
ğŸ‡²ğŸ‡¶, Martinique,1
ğŸ‡²ğŸ‡·, Mauritania,1
ğŸ‡²ğŸ‡¸, Montserrat,1
ğŸ‡²ğŸ‡¹, Malta,1
ğŸ‡²ğŸ‡º, Mauritius,1
ğŸ‡²ğŸ‡», Maldives,1
ğŸ‡²ğŸ‡¼, Malawi,1
ğŸ‡²ğŸ‡½, Mexico,1
ğŸ‡²ğŸ‡¾, Malaysia,1
ğŸ‡²ğŸ‡¿, Mozambique,1
ğŸ‡³ğŸ‡¦, Namibia,1
ğŸ‡³ğŸ‡¨, New Caledonia,1
ğŸ‡³ğŸ‡ª, Niger,1
ğŸ‡³ğŸ‡«, Norfolk Island,1
ğŸ‡³ğŸ‡¬, Nigeria,1
ğŸ‡³ğŸ‡®, Nicaragua,1
ğŸ‡³ğŸ‡±, Netherlands,1
ğŸ‡³ğŸ‡´, Norway,1
ğŸ‡³ğŸ‡µ, Nepal,1
ğŸ‡³ğŸ‡·, Nauru,1
ğŸ‡³ğŸ‡º, Niue,1
ğŸ‡³ğŸ‡¿, New Zealand,1
ğŸ‡´ğŸ‡², Oman,1
ğŸ‡µğŸ‡¦, Panama,1
ğŸ‡µğŸ‡ª, Peru,1
ğŸ‡µğŸ‡«, French Polynesia,1
ğŸ‡µğŸ‡¬, Papua New Guinea,1
ğŸ‡µğŸ‡­, Philippines,1
ğŸ‡µğŸ‡°, Pakistan,1
ğŸ‡µğŸ‡±, Poland,1
ğŸ‡µğŸ‡², St. Pierre & Miquelon,1
ğŸ‡µğŸ‡³, Pitcairn Islands,1
ğŸ‡µğŸ‡·, Puerto Rico,1
ğŸ‡µğŸ‡¸, Palestinian Territories,1
ğŸ‡µğŸ‡¹, Portugal,1
ğŸ‡µğŸ‡¼, Palau,1
ğŸ‡µğŸ‡¾, Paraguay,1
ğŸ‡¶ğŸ‡¦, Qatar,1
ğŸ‡·ğŸ‡ª, RÃ©union,1
ğŸ‡·ğŸ‡´, Romania,1
ğŸ‡·ğŸ‡¸, Serbia,1
ğŸ‡·ğŸ‡º, Russia,1
ğŸ‡·ğŸ‡¼, Rwanda,1
ğŸ‡¸ğŸ‡¦, Saudi Arabia,1
ğŸ‡¸ğŸ‡§, Solomon Islands,1
ğŸ‡¸ğŸ‡¨, Seychelles,1
ğŸ‡¸ğŸ‡©, Sudan,1
ğŸ‡¸ğŸ‡ª, Sweden,1
ğŸ‡¸ğŸ‡¬, Singapore,1
ğŸ‡¸ğŸ‡­, St. Helena,1
ğŸ‡¸ğŸ‡®, Slovenia,1
ğŸ‡¸ğŸ‡¯, Svalbard & Jan Mayen,1
ğŸ‡¸ğŸ‡°, Slovakia,1
ğŸ‡¸ğŸ‡±, Sierra Leone,1
ğŸ‡¸ğŸ‡², San Marino,1
ğŸ‡¸ğŸ‡³, Senegal,1
ğŸ‡¸ğŸ‡´, Somalia,1
ğŸ‡¸ğŸ‡·, Suriname,1
ğŸ‡¸ğŸ‡¸, South Sudan,1
ğŸ‡¸ğŸ‡¹, SÃ£o TomÃ© & PrÃ­ncipe,1
ğŸ‡¸ğŸ‡», El Salvador,1
ğŸ‡¸ğŸ‡½, Sint Maarten,1
ğŸ‡¸ğŸ‡¾, Syria,1
ğŸ‡¸ğŸ‡¿, Swaziland,1
ğŸ‡¹ğŸ‡¦, Tristan Da Cunha,1
ğŸ‡¹ğŸ‡¨, Turks & Caicos Islands,1
ğŸ‡¹ğŸ‡©, Chad,1
ğŸ‡¹ğŸ‡«, French Southern Territories,1
ğŸ‡¹ğŸ‡¬, Togo,1
ğŸ‡¹ğŸ‡­, Thailand,1
ğŸ‡¹ğŸ‡¯, Tajikistan,1
ğŸ‡¹ğŸ‡°, Tokelau,1
ğŸ‡¹ğŸ‡±, Timor-Leste,1
ğŸ‡¹ğŸ‡², Turkmenistan,1
ğŸ‡¹ğŸ‡³, Tunisia,1
ğŸ‡¹ğŸ‡´, Tonga,1
ğŸ‡¹ğŸ‡·, Turkey,1
ğŸ‡¹ğŸ‡¹, Trinidad & Tobago,1
ğŸ‡¹ğŸ‡», Tuvalu,1
ğŸ‡¹ğŸ‡¼, Taiwan,1
ğŸ‡¹ğŸ‡¿, Tanzania,1
ğŸ‡ºğŸ‡¦, Ukraine,1
ğŸ‡ºğŸ‡¬, Uganda,1
ğŸ‡ºğŸ‡², U.S. Outlying Islands,1
ğŸ‡ºğŸ‡³, United Nations,1
ğŸ‡ºğŸ‡¸, United States,1
ğŸ‡ºğŸ‡¾, Uruguay,1
ğŸ‡ºğŸ‡¿, Uzbekistan,1
ğŸ‡»ğŸ‡¦, Vatican City,1
ğŸ‡»ğŸ‡¨, St. Vincent & Grenadines,1
ğŸ‡»ğŸ‡ª, Venezuela,1
ğŸ‡»ğŸ‡¬, British Virgin Islands,1
ğŸ‡»ğŸ‡®, U.S. Virgin Islands,1
ğŸ‡»ğŸ‡³, Vietnam,1
ğŸ‡»ğŸ‡º, Vanuatu,1
ğŸ‡¼ğŸ‡«, Wallis & Futuna,1
ğŸ‡¼ğŸ‡¸, Samoa,1
ğŸ‡½ğŸ‡°, Kosovo,1
ğŸ‡¾ğŸ‡ª, Yemen,1
ğŸ‡¾ğŸ‡¹, Mayotte,1
ğŸ‡¿ğŸ‡¦, South Africa,1
ğŸ‡¿ğŸ‡², Zambia,1
ğŸ‡¿ğŸ‡¼, Zimbabwe,1
ğŸ´ó §ó ¢ó ¥ó ®ó §ó ¿, England,1
ğŸ´ó §ó ¢ó ³ó £ó ´ó ¿, Scotland,1
ğŸ´ó §ó ¢ó ·ó ¬ó ³ó ¿, Wales,1
,,1
